watch name,watch price
Casio Men's Vintage F91W-1 Resin Strap Digital Sport Watch,16
"Casio F108WH Series | Men's Digital Watch | Illuminator | Water Resistant | LED Light | Daily Alarm | 1/100 SEC Stopwatch | 3 Hands (HR, Min, SEC) | Date/Day Display | Daily Alarm | 7 Year Battery",16
Casio Men's MQ24-7B2 Analog Black Resin Strap Watch,14
Casio Illuminator AE1500WH Series | 10-Year Battery | LED Backlight | 5-Alarms | 1/100 Sec Stopwatch | Men's Digital Watch,21
Timex Men's Expedition Scout 40mm Watch,39
Armitron Sport Women's Digital Watch,13
"Michael Kors Oversized Slim Runway Men's Watch, Stainless Steel Watch for Men",107
Timex Men's Easy Reader Watch,33
Fossil Townsman Men's Automatic Watch with Mechanical Movement and Skeleton Dial,112
Nine West Women's Crystal Accented Bracelet Watch,18
Casio W218H Series | Men’s Digital Watch | 50M WR | 1/100 Second Stopwatch | 100 SEC Chronograph | LED Backlight | Countdown Timer | Daily Alarm | Hourly Time Signal | 7 Year Battery,16
"Armitron Sport Unisex Digital Chronograph Nylon Strap Watch, 45-7004",14
"Fossil Minimalist Men's Watch with Leather or Stainless Steel Band, Chronograph or Analog Watch Display with Slim Case Design",130
Casio LA20WH Series | Women's Digital Watch | Water Resistant | 100 SEC Chronograph | Alarm | LED Illuminator | 5-Year Battery,16
Casio FT500WC-5BVCF Men's Forester Sport Watch with Nylon Band,21
Casio Men's Classic Watch #A158W-1,19
"Casio A158WA Series | Unisex Digital Watch | Vintage | WR | 100 SEC Stop Watch | Daily Alarm | Regular Time Keeping: Hour, Minute, Second, PM, Date, Day | Led Light | 7 Yr Battery",19
"SAMSUNG Galaxy Watch 6 44mm Bluetooth Smartwatch, Fitness Tracker, Personalized HR Zones, Advanced Sleep Coaching, Heart Monitor, BIA Sensor, Health Wellness Insights, Big Screen, US Version, Graphite",228
no name,no price
Fossil Nate Men's Watch with Oversized Chronograph Watch Dial and Stainless Steel or Leather Band,98
Timex Women's Easy Reader Watch,38
Timex Unisex T2N647 Weekender 38mm Black Nylon Slip,39
Fossil Townsman Men's Watch with Chronograph Display and Genuine Leather Band,103
Casio Men's Classic W800H-1AV Sport Watch with Black Resin Band,21
"Bulova Men's Stainless Steel 3-Hand Calendar Date Quartz Watch with Black Leather Strap, Rectangle Dial Style: 96B107",195
Casio Women's LQ139B-1B Classic Round Analog Watch,14
Casio Men's MQ24-1E Black Resin Watch,17
Anne Klein Women's Genuine Diamond Dial Bangle Watch,27
"Smart Watch for Men Women (Answer/Make Call), 2024 HD 1.91""Smartwatch Fitness Activity Tracker, 110+ Sports IP68 Waterproof, Heart Rate/Sleep Monitor/Pedometer/Calories, Fitness Watch for Android iOS",29
"GRV Smart Watch for iOS and Android Phones (Answer/Make Calls), Watches for Men Women IP68 Waterproof Smartwatch Fitness Tracker Watch with Heart Rate/Sleep Monitor Steps Calories Counter (Black)",23
"Smart Watch, Fitness Tracker with Heart Rate Monitor, Blood Oxygen, Sleep Tracking, 1.5 Inch Touchscreen Smartwatch for Android iOS Swimming Waterproof Pedometer Step Calories Tracker for Women Men",19
Mens Watches Analog Quartz Sports Unisex Watch 30M Waterproof Nurse Watches for Men Women Nurse Medical Professionals-Military Time with Second Hand Glowing Easy to Read Dial Wrist Watch…,12
NUOVO Women Watch Silicone Watch for Ladies Sports Watch Casual Watch Crystal Accented Leather Strap Watch Analog Display Watch,9
"Casio Men's 'Vintage' Quartz Metal and Resin Casual Watch, Color:Black (Model: F-91WM-9ACF), Black/Gold",16
"Smart Watch for Men Women - Answer/Make Calls/Quick Reply/AI Voice Assistant, 1.83"" for Android iPhone Samsung Compatible IP68 Smartwatch Blood Oxygen Heart Rate Fitness Tracker (Black, 1.83"")",16
Fossil Copeland Men's Watch with Slim Case and Genuine Leather Band,89
"Men's Digital Watch, Sports Waterproof Military Watches for Men LED Casual Stopwatch Alarm Tactical Army Watch",15
Timex Men's T42571 Expedition Camper Gray Nylon Strap Watch|Green|One Size,32
Timex Men's Easy Reader Watch,35
Anne Klein Women's Strap Watch,24
TIMEX Men's IRONMAN Classic 30 38mm Watch,37
"Smart Watch, 1.91""Smartwatch for Men Women (Answer/Make Call), Fitness Tracker with 100+ Sport Modes, IP68 Waterproof, Heart Rate/Sleep Monitor, Spo2, Pedometer, Activity Tracker for Android iOS",29
"Casio MDV106 Series | Unisex Analog Watch | 200M WR | Stainless Steel Case | Resin Band | 2 Hand Analog (HR, Min, SEC) | Date Display | Screw Down Crown/Screw Down Caseback | 3 Year Battery",49
"SAMSUNG Galaxy Watch 4 40mm Smartwatch with ECG Monitor Tracker for Health, Fitness, Running, Sleep Cycles, GPS Fall Detection, Bluetooth, US Version, SM-R860NZKAXAA, Black",149
no name,no price
Casio AE1200WH Series | Men’s Digital Watch | 100M WR | Multi Alarms | 100 SEC Stopwatch | Countdown Timer | World Map for World Time | LED Light | LC Analog Display | 10 Year Battery,21
Casio Men's Quartz Day-Date Indicator Black Resin Dive Watch (Model: MRW200H-1BV),21
Fossil Dean Men's Dress Watch with Chronograph Display and Stainless Steel Bracelet Band,135
Casio Men's GA-100 XL Series G-Shock Quartz 200M WR Shock Resistant Watch,no price
Fossil Grant Men's Watch with Chronograph or Automatic Display and Genuine Leather or Stainless Steel Band,76
